rank,candidate_id
1,CH-GL8L0I
2,CH-KT06SN
3,CH-G7CLOL
4,CH-NOMW3M
5,CH-51OVXE
6,CH-PIQWDL
7,CH-64KK4M
8,CH-FQOJOB
9,CH-N84T3M
10,CH-LZ1CJL
11,CH-H0R9QO
12,CH-ALZASI
13,CH-QAYHZV
14,CH-LH3I14
15,CH-Z1S8ON
16,CH-SE37XM
17,CH-K3HV6O
18,CH-58907A
19,CH-U73R8O
20,CH-CSMMNR
21,CH-BLMZLZ
22,CH-Y0QZDG
23,CH-IOYBV8
24,CH-6HCGM5
25,CH-RXVJSE
26,CH-H4DLOV
27,CH-TGZIDK
28,CH-52H7I2
29,CH-A6HJWF
30,CH-I6F1SI
31,CH-PYHQB8
32,CH-YPJB3Y
33,CH-MO9NR2
34,CH-1T0WU5
35,CH-0QTDRE
36,CH-YGJQAA
37,CH-M2JT9I
38,CH-0JDXZF
39,CH-QWQ7HI
40,CH-MK30GH
41,CH-K5WXKA
42,CH-2JJ9Q8
43,CH-1RLRCH
44,CH-DW5KV8
45,CH-4CC9HS
46,CH-3UPMW9
47,CH-I7DIH1
48,CH-7I5B6Q
49,CH-677KLJ
50,CH-2PWT88
51,CH-AV0EVH
52,CH-LUTD4G
53,CH-0W3ZRJ
54,CH-O5QNFY
55,CH-PN38OI
56,CH-20SG1N
57,CH-2W4599
58,CH-QSIAH2
59,CH-O4SS19
60,CH-MB8GJ6
61,CH-NRDNPN
62,CH-C2X2HB
63,CH-JE4G04
64,CH-LVJYZC
65,CH-42NLS7
66,CH-PU6U32
67,CH-DN53A6
68,CH-A32V5N
69,CH-UGWTEH
70,CH-FGMJ8J
71,CH-MGAEZW
72,CH-OY5QBH
73,CH-J9ZOYV
74,CH-7BPP3I
75,CH-GFIQ2C
76,CH-4OYPCI
77,CH-7Z3EEK
78,CH-KY74EN
79,CH-HHHBLP
80,CH-477FID
81,CH-FVY1UO
82,CH-QOCBQP
83,CH-745SSD
84,CH-K1311J
85,CH-WTB454
86,CH-RTQLG7
87,CH-41Y57L
88,CH-KB0CZU
89,CH-RR9U7K
90,CH-ZHDFRW
91,CH-0W1USG
92,CH-E5RPRH
93,CH-V6EOG6
94,CH-W2OH7W
95,CH-DMGT0P
96,CH-OQMSZW
97,CH-6EYP2T
98,CH-MPI5T7
99,CH-X9HGUI
100,CH-0LSZLU
101,CH-STUZOP
102,CH-SWTX72
103,CH-7HTSIL
104,CH-YXVRO0
105,CH-1GUV4Z
106,CH-CAHVXS
107,CH-U9Y0PU
108,CH-TOTSMX
109,CH-MO53JB
110,CH-GDUY93
111,CH-8X6FOY
112,CH-EOWCX3
113,CH-ZFOPOC
114,CH-43Z295
115,CH-HW3OG4
116,CH-F4BS8Z
117,CH-PTPWKJ
118,CH-3LAXA6
119,CH-8OI1HC
120,CH-T9VE72
121,CH-RIB9KZ
122,CH-MK94LD
123,CH-WJT0ZY
124,CH-RTECVY
125,CH-H0G5Q1
126,CH-0MVO7L
127,CH-D5QEZ1
128,CH-BXPRCP
129,CH-NIHWLW
130,CH-8HGFIB
131,CH-N4LUID
132,CH-20BYU9
133,CH-P9PEQ3
134,CH-BER0JY
135,CH-GQ8DSF
136,CH-5SSA8L
137,CH-MJLRQ9
138,CH-TZUG59
139,CH-URKNJK
140,CH-EEX74N
141,CH-HAP30A
142,CH-4HLG29
143,CH-FFRR0Q
144,CH-KH9GA7
145,CH-9FTBE3
146,CH-MGO0Z9
147,CH-TDESBE
148,CH-H8P5A4
149,CH-1IGPJ8
150,CH-5NOX67
151,CH-FFAIB8
152,CH-1CUD4H
153,CH-NQ1LRQ
154,CH-FXJYMV
155,CH-VO1325
156,CH-10VOBI
157,CH-K2AAOZ
158,CH-0PPHW1
159,CH-JLGWVF
160,CH-SAQONG
161,CH-CBEPPQ
162,CH-PUTRSU
163,CH-VHYKEB
164,CH-EM6AJM
165,CH-5KDYV4
166,CH-9T584W
167,CH-62N5UM
168,CH-N1T2UJ
169,CH-S52WE0
170,CH-5SN240
171,CH-CM0PHS
172,CH-CIKPWY
173,CH-1ZVOWQ
174,CH-5YY1ZS
175,CH-E1LO1Q
176,CH-TJ5UXF
177,CH-NISAIM
178,CH-92LAYY
179,CH-FMV2D5
180,CH-8C65S4
181,CH-4I71DB
182,CH-F5UJOK
183,CH-U14FCL
184,CH-HK1E4V
185,CH-A86J07
186,CH-S29BXR
187,CH-3JWGMA
188,CH-DWNIHP
189,CH-OEV8OI
190,CH-C8OF5S
191,CH-D2JV6A
192,CH-13NCBR
193,CH-IG0Q7T
194,CH-RZSAQT
195,CH-O8AJER
196,CH-TDXCRW
197,CH-Y9LLEY
198,CH-MON242
199,CH-M3UKC1
200,CH-2OA5JX
201,CH-OY9QWV
202,CH-LN2MCR
203,CH-4MA530
204,CH-EURNXT
205,CH-IFVM1N
206,CH-PEH5UJ
207,CH-MJIIH3
208,CH-SJBS8O
209,CH-XS7DFU
210,CH-QAMJ7N
211,CH-46W3Q3
212,CH-JHG452
213,CH-YJI1E0
214,CH-2P86G7
215,CH-TV5VDN
216,CH-48X1Q6
217,CH-9TIGDG
218,CH-4J4J1H
219,CH-DE2WHO
220,CH-ZC0DT5
221,CH-W63200
222,CH-B04FBF
223,CH-H2DFR3
224,CH-NAYFGU
225,CH-LKMQ0H
226,CH-AIFNZI
227,CH-FSZLRX
228,CH-575LKT
229,CH-LWUN88
230,CH-JJ86Q7
231,CH-4X6HBV
232,CH-VMINLE
233,CH-JQ44IR
234,CH-LXNBAK
235,CH-NJ4PQP
236,CH-1FLPLX
237,CH-QEV3KN
238,CH-3Z21WG
239,CH-X1QMD0
240,CH-X8W93H
241,CH-U3QJVJ
242,CH-CWJ24W
243,CH-RRKYUW
244,CH-SH696T
245,CH-SUACYH
246,CH-IZZUBN
247,CH-UYC8EQ
248,CH-2TJNBK
249,CH-VR40EH
250,CH-L34TP5
251,CH-1KJ1L2
252,CH-CJYKD2
253,CH-A0GZ54
254,CH-87A0UC
255,CH-ANEG2Y
256,CH-DLSUFO
257,CH-ME9C39
258,CH-ZLE90E
259,CH-IJIGO4
260,CH-C1P7Z9
261,CH-JJQ7QV
262,CH-2C1X0N
263,CH-WRHR61
264,CH-54PD24
265,CH-WBN0KI
266,CH-GCOYU4
267,CH-CP7MSF
268,CH-07EKQC
269,CH-IUQ6PE
270,CH-L7M6MJ
271,CH-BWRLT3
272,CH-VSOZZT
273,CH-ZAA38A
274,CH-L82QYP
275,CH-UK69ES
276,CH-QPIYUA
277,CH-FRW2OR
278,CH-IMUTGE
279,CH-OZATC4
280,CH-XJ2AKT
281,CH-9KV2TW
282,CH-YEQLBC
283,CH-ZPBOBD
284,CH-P2PR2A
285,CH-CAXBHW
286,CH-RGIKLJ
287,CH-OIHLML
288,CH-MSJ36K
289,CH-YUJLGL
290,CH-MYX94C
291,CH-BD141E
292,CH-25KU8K
293,CH-FUVQ61
294,CH-SB1MQ0
295,CH-8U7AKX
296,CH-OEHSR7
297,CH-5WBYRP
298,CH-0D3BST
299,CH-UZUDUP
300,CH-R7B6Y4
301,CH-8LTQ11
302,CH-QNQAR0
303,CH-1E1FMP
304,CH-W3226Y
305,CH-HGBHGH
306,CH-FE4I5Z
307,CH-QS6FC4
308,CH-L4AG0Q
309,CH-KSM6J1
310,CH-LM5EVR
311,CH-4SIVNC
312,CH-28C8SD
313,CH-MFXPJI
314,CH-XP4PM7
315,CH-71MFD8
316,CH-757L6T
317,CH-5F340C
318,CH-C5FJ8Y
319,CH-X40SAT
320,CH-7DSW5C
321,CH-2DUVZF
322,CH-03H83Z
323,CH-S8ADC2
324,CH-J6D1NE
325,CH-ADF2YJ
326,CH-OVUUJ6
327,CH-OMQUUQ
328,CH-SMKMSB
329,CH-PI32RU
330,CH-HEXLYT
331,CH-2QUK0D
332,CH-CCUPRY
333,CH-QOGWJ0
334,CH-4HURKB
335,CH-MR0GGJ
336,CH-9AMOSS
337,CH-VGAU08
338,CH-HY3LNV
339,CH-VFVWU5
340,CH-V8GJM4
341,CH-JQFAQ5
342,CH-X3SSXA
343,CH-481MRM
344,CH-0WXEGX
345,CH-JT3GI9
346,CH-0V993R
347,CH-ZCHZZ6
348,CH-K0NCAF
349,CH-RBPTQ0
350,CH-X3KOWX
351,CH-GPHHSW
352,CH-G2XBAX
353,CH-Z5498Q
354,CH-ACRFXE
355,CH-57OTR2
356,CH-3O7RBY
357,CH-1ERNG7
358,CH-RF6M9H
359,CH-G1QL92
360,CH-8DY4OC
361,CH-MY1TSN
362,CH-TDQU6Y
363,CH-S2EYOF
364,CH-IDBT28
365,CH-KUJSCS
366,CH-U4IGOP
367,CH-NBYIRR
368,CH-SBI1Z5
369,CH-7XY69B
370,CH-53DK6F
371,CH-9Y2FZN
372,CH-DZE72I
373,CH-TVGD1P
374,CH-WEECCS
375,CH-V65V90
376,CH-42Z7AA
377,CH-SOB5S3
378,CH-P7Q99F
379,CH-PH4D6X
380,CH-QNRJGM
381,CH-GVGJ9A
382,CH-TADMF9
383,CH-DONKX0
384,CH-P93H0N
385,CH-ALY1UV
386,CH-21426O
387,CH-MBT11N
388,CH-HXFDR6
389,CH-ORT543
390,CH-F5LNH1
391,CH-B9LKVN
392,CH-ANEAOL
393,CH-RNQ13Z
394,CH-WEL9EX
395,CH-NVQM5L
396,CH-3HSNUN
397,CH-17WCTV
398,CH-EYQKH7
399,CH-NOWWFE
400,CH-ALDR01
401,CH-W12LYG
402,CH-CG1ZXT
403,CH-RE9N9H
404,CH-E3CXEK
405,CH-GHPNRI
406,CH-0O3FNE
407,CH-UDAYYG
408,CH-P80LL7
409,CH-1VO3H5
410,CH-ACS6OT
411,CH-5TI4AG
412,CH-VGIW9T
413,CH-WJZNVV
414,CH-2ZTXVN
415,CH-K75L7E
416,CH-EXPUXM
417,CH-KHX4FF
418,CH-2VXABC
419,CH-EKQXLG
420,CH-Z2VY3J
421,CH-J6IRVE
422,CH-0SZ2PI
423,CH-8IUJ5G
424,CH-ACYAU7
425,CH-9V9JP1
426,CH-BOGFSX
427,CH-WPOZ9V
428,CH-V1W2LP
429,CH-7L9BBG
430,CH-6P7LPL
431,CH-69YLFB
432,CH-W0MIGV
433,CH-TEQETY
434,CH-V4YLB4
435,CH-Q4CAMM
436,CH-ODBL4Y
437,CH-9AOTOU
438,CH-W1KA8Z
439,CH-HSZLAT
440,CH-XM5JRZ
441,CH-QL9XFV
442,CH-M27DXJ
443,CH-5VWXU7
444,CH-TRCCWB
445,CH-L1TOS0
446,CH-DC1QCH
447,CH-EBK1LX
448,CH-8LJVXM
449,CH-PBJVC5
450,CH-U0BZJ9
451,CH-MJFB74
452,CH-BWT7LH
453,CH-KDLCQL
454,CH-R8M5EQ
455,CH-3SXCYB
456,CH-4HWRP9
457,CH-7PWSD1
458,CH-CQTLYZ
459,CH-5SJNPY
460,CH-4OLF5L
461,CH-77IBVR
462,CH-YNFE2T
463,CH-AU90PC
464,CH-ONHBHX
465,CH-8II7FG
466,CH-SQ1BFX
467,CH-EQ2IB5
468,CH-9QWUNL
469,CH-V3WVRU
470,CH-4RFIMI
471,CH-85U38K
472,CH-LH5EYW
473,CH-9O97EZ
474,CH-DZA31S
475,CH-GEGIZJ
476,CH-UFJ0R0
477,CH-XJWRMW
478,CH-BXFZ57
479,CH-AWUX54
480,CH-OCE7EP
481,CH-2T68DN
482,CH-W5WZ2P
483,CH-6TMFAQ
484,CH-SSJH9R
485,CH-29R0LZ
486,CH-IIOQLM
487,CH-UVCPCA
488,CH-085WNA
489,CH-GEKXOS
490,CH-OARKE1
491,CH-9CY9SY
492,CH-TF1PZP
493,CH-MTO08V
494,CH-HS5ZE4
495,CH-ZUN6QZ
496,CH-3ZP3FI
497,CH-G2TW1T
498,CH-MYF7GN
499,CH-45K2R2
500,CH-WSN2OT
